, Media,Compound,Date,Negative,Neutral,Positive,Tweets_Ago
0,@BBC,0.3612,Wed Aug 01 06:12:13 +0000 2018,0.0,0.878,0.122,1
1,@BBC,0.4767,Wed Aug 01 06:12:07 +0000 2018,0.0,0.881,0.119,2
2,@BBC,0.0258,Wed Aug 01 06:11:55 +0000 2018,0.0,0.958,0.042,3
3,@BBC,0.4767,Wed Aug 01 06:11:49 +0000 2018,0.0,0.881,0.119,4
4,@BBC,0.4767,Wed Aug 01 06:11:43 +0000 2018,0.0,0.881,0.119,5
5,@BBC,0.0,Wed Aug 01 06:11:38 +0000 2018,0.0,1.0,0.0,6
6,@BBC,-0.1531,Wed Aug 01 06:11:25 +0000 2018,0.112,0.759,0.129,7
7,@BBC,0.4767,Wed Aug 01 06:10:59 +0000 2018,0.0,0.881,0.119,8
8,@BBC,0.2732,Wed Aug 01 06:10:52 +0000 2018,0.049,0.852,0.099,9
9,@BBC,0.4767,Wed Aug 01 06:10:46 +0000 2018,0.0,0.881,0.119,10
10,@BBC,0.4767,Wed Aug 01 06:10:46 +0000 2018,0.0,0.881,0.119,11
11,@BBC,0.4767,Wed Aug 01 06:10:45 +0000 2018,0.0,0.881,0.119,12
12,@BBC,0.4767,Wed Aug 01 06:10:19 +0000 2018,0.0,0.881,0.119,13
13,@BBC,0.4019,Wed Aug 01 06:09:41 +0000 2018,0.0,0.816,0.184,14
14,@BBC,0.2023,Wed Aug 01 06:09:20 +0000 2018,0.0,0.909,0.091,15
15,@BBC,0.7157,Wed Aug 01 06:08:58 +0000 2018,0.065,0.721,0.214,16
16,@BBC,-0.4215,Wed Aug 01 06:08:52 +0000 2018,0.271,0.542,0.187,17
17,@BBC,-0.8481,Wed Aug 01 06:08:36 +0000 2018,0.353,0.602,0.045,18
18,@BBC,0.3182,Wed Aug 01 06:08:33 +0000 2018,0.0,0.813,0.187,19
19,@BBC,0.7841,Wed Aug 01 06:08:02 +0000 2018,0.0,0.707,0.293,20
20,@BBC,0.5106,Wed Aug 01 06:07:44 +0000 2018,0.0,0.852,0.148,21
21,@BBC,0.6486,Wed Aug 01 06:07:15 +0000 2018,0.0,0.773,0.227,22
22,@BBC,-0.4215,Wed Aug 01 06:07:12 +0000 2018,0.271,0.542,0.187,23
23,@BBC,0.7841,Wed Aug 01 06:07:10 +0000 2018,0.0,0.707,0.293,24
24,@BBC,0.4767,Wed Aug 01 06:06:45 +0000 2018,0.0,0.881,0.119,25
25,@BBC,0.4767,Wed Aug 01 06:06:30 +0000 2018,0.0,0.881,0.119,26
26,@BBC,0.4767,Wed Aug 01 06:06:17 +0000 2018,0.0,0.881,0.119,27
27,@BBC,0.4767,Wed Aug 01 06:06:16 +0000 2018,0.0,0.881,0.119,28
28,@BBC,-0.5209,Wed Aug 01 06:05:51 +0000 2018,0.402,0.598,0.0,29
29,@BBC,-0.765,Wed Aug 01 06:05:03 +0000 2018,0.323,0.677,0.0,30
30,@BBC,-0.4215,Wed Aug 01 06:04:35 +0000 2018,0.271,0.542,0.187,31
31,@BBC,0.7841,Wed Aug 01 06:04:35 +0000 2018,0.0,0.707,0.293,32
32,@BBC,0.4767,Wed Aug 01 06:03:56 +0000 2018,0.0,0.881,0.119,33
33,@BBC,0.0,Wed Aug 01 06:03:52 +0000 2018,0.0,1.0,0.0,34
34,@BBC,-0.8442,Wed Aug 01 06:03:30 +0000 2018,0.431,0.569,0.0,35
35,@BBC,0.7841,Wed Aug 01 06:02:42 +0000 2018,0.0,0.707,0.293,36
36,@BBC,0.4767,Wed Aug 01 06:02:32 +0000 2018,0.0,0.881,0.119,37
37,@BBC,0.4767,Wed Aug 01 06:02:29 +0000 2018,0.0,0.881,0.119,38
38,@BBC,0.0,Wed Aug 01 06:02:16 +0000 2018,0.0,1.0,0.0,39
39,@BBC,0.5106,Wed Aug 01 06:02:09 +0000 2018,0.0,0.852,0.148,40
40,@BBC,-0.4023,Wed Aug 01 06:02:06 +0000 2018,0.172,0.828,0.0,41
41,@BBC,-0.5994,Wed Aug 01 06:01:57 +0000 2018,0.403,0.44,0.157,42
42,@BBC,0.4767,Wed Aug 01 06:01:52 +0000 2018,0.0,0.881,0.119,43
43,@BBC,0.4767,Wed Aug 01 06:01:31 +0000 2018,0.0,0.881,0.119,44
44,@BBC,0.0258,Wed Aug 01 06:01:08 +0000 2018,0.0,0.958,0.042,45
45,@BBC,0.0,Wed Aug 01 06:01:02 +0000 2018,0.0,1.0,0.0,46
46,@BBC,0.0,Wed Aug 01 06:00:55 +0000 2018,0.0,1.0,0.0,47
47,@BBC,-0.7964,Wed Aug 01 06:00:06 +0000 2018,0.269,0.731,0.0,48
48,@BBC,-0.6705,Wed Aug 01 05:59:56 +0000 2018,0.44,0.56,0.0,49
49,@BBC,-0.4215,Wed Aug 01 05:59:47 +0000 2018,0.271,0.542,0.187,50
50,@BBC,-0.1027,Wed Aug 01 05:59:47 +0000 2018,0.188,0.684,0.128,51
51,@BBC,0.4767,Wed Aug 01 05:59:46 +0000 2018,0.0,0.881,0.119,52
52,@BBC,0.0258,Wed Aug 01 05:59:37 +0000 2018,0.0,0.958,0.042,53
53,@BBC,0.5106,Wed Aug 01 05:59:05 +0000 2018,0.0,0.852,0.148,54
54,@BBC,0.0,Wed Aug 01 05:58:49 +0000 2018,0.0,1.0,0.0,55
55,@BBC,0.4767,Wed Aug 01 05:58:44 +0000 2018,0.0,0.881,0.119,56
56,@BBC,-0.8221,Wed Aug 01 05:58:42 +0000 2018,0.226,0.774,0.0,57
57,@BBC,0.4767,Wed Aug 01 05:58:32 +0000 2018,0.0,0.881,0.119,58
58,@BBC,0.4767,Wed Aug 01 05:58:27 +0000 2018,0.0,0.881,0.119,59
59,@BBC,-0.6597,Wed Aug 01 05:58:07 +0000 2018,0.259,0.648,0.093,60
60,@BBC,0.4767,Wed Aug 01 05:57:45 +0000 2018,0.0,0.881,0.119,61
61,@BBC,-0.4588,Wed Aug 01 05:57:42 +0000 2018,0.231,0.769,0.0,62
62,@BBC,0.4767,Wed Aug 01 05:57:39 +0000 2018,0.0,0.881,0.119,63
63,@BBC,0.0,Wed Aug 01 05:57:32 +0000 2018,0.0,1.0,0.0,64
64,@BBC,0.4767,Wed Aug 01 05:57:24 +0000 2018,0.0,0.881,0.119,65
65,@BBC,0.4767,Wed Aug 01 05:57:22 +0000 2018,0.0,0.881,0.119,66
66,@BBC,-0.901,Wed Aug 01 05:56:57 +0000 2018,0.459,0.541,0.0,67
67,@BBC,0.0258,Wed Aug 01 05:56:42 +0000 2018,0.0,0.958,0.042,68
68,@BBC,0.4767,Wed Aug 01 05:56:26 +0000 2018,0.0,0.881,0.119,69
69,@BBC,0.4767,Wed Aug 01 05:56:26 +0000 2018,0.0,0.881,0.119,70
70,@BBC,0.0258,Wed Aug 01 05:56:10 +0000 2018,0.0,0.958,0.042,71
71,@BBC,0.2568,Wed Aug 01 05:56:09 +0000 2018,0.132,0.689,0.179,72
72,@BBC,0.4767,Wed Aug 01 05:55:45 +0000 2018,0.0,0.881,0.119,73
73,@BBC,0.5106,Wed Aug 01 05:55:28 +0000 2018,0.0,0.852,0.148,74
74,@BBC,0.2732,Wed Aug 01 05:55:13 +0000 2018,0.0,0.92,0.08,75
75,@BBC,-0.4215,Wed Aug 01 05:54:56 +0000 2018,0.271,0.542,0.187,76
76,@BBC,-0.6597,Wed Aug 01 05:54:32 +0000 2018,0.259,0.648,0.093,77
77,@BBC,-0.7506,Wed Aug 01 05:54:03 +0000 2018,0.39,0.61,0.0,78
78,@BBC,0.2263,Wed Aug 01 05:54:00 +0000 2018,0.096,0.766,0.139,79
79,@BBC,0.4767,Wed Aug 01 05:53:50 +0000 2018,0.0,0.881,0.119,80
80,@BBC,-0.8221,Wed Aug 01 05:53:41 +0000 2018,0.226,0.774,0.0,81
81,@BBC,0.4215,Wed Aug 01 05:53:40 +0000 2018,0.0,0.859,0.141,82
82,@BBC,0.5106,Wed Aug 01 05:53:39 +0000 2018,0.0,0.852,0.148,83
83,@BBC,-0.5574,Wed Aug 01 05:53:21 +0000 2018,0.204,0.796,0.0,84
84,@BBC,-0.6369,Wed Aug 01 05:53:19 +0000 2018,0.412,0.588,0.0,85
85,@BBC,0.6705,Wed Aug 01 05:53:14 +0000 2018,0.085,0.628,0.287,86
86,@BBC,0.0,Wed Aug 01 05:52:53 +0000 2018,0.0,1.0,0.0,87
87,@BBC,0.4215,Wed Aug 01 05:52:50 +0000 2018,0.0,0.906,0.094,88
88,@BBC,0.5106,Wed Aug 01 05:52:33 +0000 2018,0.0,0.82,0.18,89
89,@BBC,0.4767,Wed Aug 01 05:52:28 +0000 2018,0.0,0.881,0.119,90
90,@BBC,-0.2716,Wed Aug 01 05:52:15 +0000 2018,0.117,0.81,0.073,91
91,@BBC,0.4767,Wed Aug 01 05:52:04 +0000 2018,0.0,0.881,0.119,92
92,@BBC,0.0258,Wed Aug 01 05:51:59 +0000 2018,0.0,0.95,0.05,93
93,@BBC,0.4767,Wed Aug 01 05:51:54 +0000 2018,0.0,0.881,0.119,94
94,@BBC,0.4767,Wed Aug 01 05:51:38 +0000 2018,0.0,0.881,0.119,95
95,@BBC,0.4767,Wed Aug 01 05:51:25 +0000 2018,0.0,0.881,0.119,96
96,@BBC,-0.5859,Wed Aug 01 05:51:13 +0000 2018,0.22,0.78,0.0,97
97,@BBC,0.0,Wed Aug 01 05:50:58 +0000 2018,0.0,1.0,0.0,98
98,@BBC,0.5106,Wed Aug 01 05:50:24 +0000 2018,0.0,0.852,0.148,99
99,@BBC,0.4767,Wed Aug 01 05:50:04 +0000 2018,0.0,0.881,0.119,100
100,@CBS,0.0,Wed Aug 01 06:10:17 +0000 2018,0.0,1.0,0.0,1
101,@CBS,0.0,Wed Aug 01 06:09:41 +0000 2018,0.0,1.0,0.0,2
102,@CBS,0.0,Wed Aug 01 06:08:27 +0000 2018,0.0,1.0,0.0,3
103,@CBS,0.2732,Wed Aug 01 06:07:18 +0000 2018,0.0,0.877,0.123,4
104,@CBS,0.0,Wed Aug 01 06:06:40 +0000 2018,0.0,1.0,0.0,5
105,@CBS,-0.4767,Wed Aug 01 06:05:40 +0000 2018,0.205,0.795,0.0,6
106,@CBS,-0.4588,Wed Aug 01 06:05:34 +0000 2018,0.22,0.6,0.18,7
107,@CBS,0.0,Wed Aug 01 06:05:18 +0000 2018,0.0,1.0,0.0,8
108,@CBS,0.0,Wed Aug 01 06:05:00 +0000 2018,0.0,1.0,0.0,9
109,@CBS,0.0,Wed Aug 01 06:04:35 +0000 2018,0.0,1.0,0.0,10
110,@CBS,0.0,Wed Aug 01 06:03:41 +0000 2018,0.0,1.0,0.0,11
111,@CBS,0.0,Wed Aug 01 06:02:59 +0000 2018,0.0,1.0,0.0,12
112,@CBS,-0.3818,Wed Aug 01 06:02:49 +0000 2018,0.221,0.667,0.113,13
113,@CBS,0.8507,Wed Aug 01 06:00:50 +0000 2018,0.0,0.584,0.416,14
114,@CBS,0.0,Wed Aug 01 06:00:17 +0000 2018,0.0,1.0,0.0,15
115,@CBS,0.5229,Wed Aug 01 06:00:08 +0000 2018,0.0,0.806,0.194,16
116,@CBS,0.7696,Wed Aug 01 05:59:31 +0000 2018,0.0,0.677,0.323,17
117,@CBS,-0.4215,Wed Aug 01 05:58:50 +0000 2018,0.213,0.787,0.0,18
118,@CBS,0.5244,Wed Aug 01 05:57:44 +0000 2018,0.0,0.805,0.195,19
119,@CBS,0.5951,Wed Aug 01 05:56:59 +0000 2018,0.0,0.795,0.205,20
120,@CBS,0.5673,Wed Aug 01 05:55:39 +0000 2018,0.0,0.804,0.196,21
121,@CBS,0.0,Wed Aug 01 05:55:07 +0000 2018,0.0,1.0,0.0,22
122,@CBS,0.8507,Wed Aug 01 05:54:32 +0000 2018,0.0,0.584,0.416,23
123,@CBS,0.5674,Wed Aug 01 05:54:00 +0000 2018,0.0,0.792,0.208,24
124,@CBS,0.0,Wed Aug 01 05:53:41 +0000 2018,0.0,1.0,0.0,25
125,@CBS,-0.1531,Wed Aug 01 05:53:30 +0000 2018,0.105,0.814,0.081,26
126,@CBS,0.0,Wed Aug 01 05:53:28 +0000 2018,0.0,1.0,0.0,27
127,@CBS,0.0,Wed Aug 01 05:53:17 +0000 2018,0.0,1.0,0.0,28
128,@CBS,0.0,Wed Aug 01 05:52:29 +0000 2018,0.0,1.0,0.0,29
129,@CBS,0.0,Wed Aug 01 05:52:25 +0000 2018,0.0,1.0,0.0,30
130,@CBS,0.8507,Wed Aug 01 05:52:02 +0000 2018,0.0,0.584,0.416,31
131,@CBS,0.0,Wed Aug 01 05:51:39 +0000 2018,0.0,1.0,0.0,32
132,@CBS,0.0,Wed Aug 01 05:51:34 +0000 2018,0.0,1.0,0.0,33
133,@CBS,0.0,Wed Aug 01 05:51:30 +0000 2018,0.0,1.0,0.0,34
134,@CBS,0.0,Wed Aug 01 05:51:10 +0000 2018,0.0,1.0,0.0,35
135,@CBS,0.0,Wed Aug 01 05:51:06 +0000 2018,0.0,1.0,0.0,36
136,@CBS,0.0,Wed Aug 01 05:51:02 +0000 2018,0.0,1.0,0.0,37
137,@CBS,0.0,Wed Aug 01 05:50:58 +0000 2018,0.0,1.0,0.0,38
138,@CBS,0.1531,Wed Aug 01 05:50:09 +0000 2018,0.11,0.75,0.14,39
139,@CBS,0.0,Wed Aug 01 05:50:08 +0000 2018,0.0,1.0,0.0,40
140,@CBS,-0.5574,Wed Aug 01 05:49:07 +0000 2018,0.135,0.865,0.0,41
141,@CBS,-0.5267,Wed Aug 01 05:47:46 +0000 2018,0.145,0.855,0.0,42
142,@CBS,-0.1531,Wed Aug 01 05:47:30 +0000 2018,0.118,0.789,0.092,43
143,@CBS,-0.0276,Wed Aug 01 05:46:04 +0000 2018,0.164,0.678,0.158,44
144,@CBS,0.4404,Wed Aug 01 05:41:58 +0000 2018,0.0,0.791,0.209,45
145,@CBS,0.3182,Wed Aug 01 05:40:36 +0000 2018,0.0,0.82,0.18,46
146,@CBS,-0.5147,Wed Aug 01 05:40:02 +0000 2018,0.164,0.836,0.0,47
147,@CBS,-0.3818,Wed Aug 01 05:39:31 +0000 2018,0.221,0.667,0.113,48
148,@CBS,0.6808,Wed Aug 01 05:38:01 +0000 2018,0.0,0.772,0.228,49
149,@CBS,0.3612,Wed Aug 01 05:36:20 +0000 2018,0.0,0.865,0.135,50
150,@CBS,-0.8402,Wed Aug 01 05:31:41 +0000 2018,0.31,0.69,0.0,51
151,@CBS,-0.7096,Wed Aug 01 05:30:40 +0000 2018,0.347,0.653,0.0,52
152,@CBS,0.0,Wed Aug 01 05:29:42 +0000 2018,0.0,1.0,0.0,53
153,@CBS,0.0,Wed Aug 01 05:29:19 +0000 2018,0.0,1.0,0.0,54
154,@CBS,0.0,Wed Aug 01 05:26:36 +0000 2018,0.0,1.0,0.0,55
155,@CBS,0.0,Wed Aug 01 05:24:30 +0000 2018,0.0,1.0,0.0,56
156,@CBS,0.0,Wed Aug 01 05:21:53 +0000 2018,0.0,1.0,0.0,57
157,@CBS,-0.5147,Wed Aug 01 05:21:49 +0000 2018,0.192,0.808,0.0,58
158,@CBS,0.0,Wed Aug 01 05:20:47 +0000 2018,0.0,1.0,0.0,59
159,@CBS,0.0,Wed Aug 01 05:20:02 +0000 2018,0.0,1.0,0.0,60
160,@CBS,0.5859,Wed Aug 01 05:18:46 +0000 2018,0.0,0.78,0.22,61
161,@CBS,0.5859,Wed Aug 01 05:18:17 +0000 2018,0.0,0.78,0.22,62
162,@CBS,0.0,Wed Aug 01 05:17:45 +0000 2018,0.0,1.0,0.0,63
163,@CBS,0.0,Wed Aug 01 05:17:06 +0000 2018,0.0,1.0,0.0,64
164,@CBS,0.0,Wed Aug 01 05:16:31 +0000 2018,0.0,1.0,0.0,65
165,@CBS,0.0,Wed Aug 01 05:16:26 +0000 2018,0.0,1.0,0.0,66
166,@CBS,0.7051,Wed Aug 01 05:16:25 +0000 2018,0.0,0.712,0.288,67
167,@CBS,0.0,Wed Aug 01 05:16:19 +0000 2018,0.0,1.0,0.0,68
168,@CBS,0.0,Wed Aug 01 05:16:02 +0000 2018,0.0,1.0,0.0,69
169,@CBS,0.4019,Wed Aug 01 05:15:35 +0000 2018,0.0,0.847,0.153,70
170,@CBS,-0.3818,Wed Aug 01 05:15:35 +0000 2018,0.221,0.667,0.113,71
171,@CBS,0.5859,Wed Aug 01 05:14:42 +0000 2018,0.0,0.78,0.22,72
172,@CBS,-0.296,Wed Aug 01 05:12:34 +0000 2018,0.136,0.864,0.0,73
173,@CBS,0.4574,Wed Aug 01 05:12:03 +0000 2018,0.0,0.88,0.12,74
174,@CBS,0.8506,Wed Aug 01 05:11:48 +0000 2018,0.0,0.645,0.355,75
175,@CBS,0.4404,Wed Aug 01 05:11:40 +0000 2018,0.0,0.791,0.209,76
176,@CBS,0.3237,Wed Aug 01 05:11:11 +0000 2018,0.0,0.858,0.142,77
177,@CBS,0.0,Wed Aug 01 05:11:08 +0000 2018,0.0,1.0,0.0,78
178,@CBS,-0.3818,Wed Aug 01 05:10:40 +0000 2018,0.221,0.667,0.113,79
179,@CBS,0.5859,Wed Aug 01 05:10:31 +0000 2018,0.0,0.78,0.22,80
180,@CBS,0.0,Wed Aug 01 05:09:35 +0000 2018,0.0,1.0,0.0,81
181,@CBS,0.5859,Wed Aug 01 05:08:57 +0000 2018,0.0,0.78,0.22,82
182,@CBS,0.0,Wed Aug 01 05:06:14 +0000 2018,0.0,1.0,0.0,83
183,@CBS,0.7096,Wed Aug 01 05:05:51 +0000 2018,0.0,0.723,0.277,84
184,@CBS,-0.3818,Wed Aug 01 05:05:10 +0000 2018,0.221,0.667,0.113,85
185,@CBS,-0.0418,Wed Aug 01 05:03:49 +0000 2018,0.083,0.842,0.076,86
186,@CBS,-0.3818,Wed Aug 01 05:02:37 +0000 2018,0.221,0.667,0.113,87
187,@CBS,0.8506,Wed Aug 01 05:02:29 +0000 2018,0.0,0.645,0.355,88
188,@CBS,0.7783,Wed Aug 01 05:01:05 +0000 2018,0.0,0.657,0.343,89
189,@CBS,0.0,Wed Aug 01 05:00:11 +0000 2018,0.0,1.0,0.0,90
190,@CBS,0.0,Wed Aug 01 04:58:45 +0000 2018,0.0,1.0,0.0,91
191,@CBS,0.5574,Wed Aug 01 04:58:19 +0000 2018,0.0,0.777,0.223,92
192,@CBS,0.0,Wed Aug 01 04:58:11 +0000 2018,0.0,1.0,0.0,93
193,@CBS,0.8506,Wed Aug 01 04:58:00 +0000 2018,0.0,0.645,0.355,94
194,@CBS,0.8611,Wed Aug 01 04:57:26 +0000 2018,0.0,0.653,0.347,95
195,@CBS,0.5859,Wed Aug 01 04:56:49 +0000 2018,0.0,0.703,0.297,96
196,@CBS,0.8506,Wed Aug 01 04:56:40 +0000 2018,0.0,0.645,0.355,97
197,@CBS,0.5525,Wed Aug 01 04:56:09 +0000 2018,0.167,0.569,0.264,98
198,@CBS,-0.765,Wed Aug 01 04:55:38 +0000 2018,0.223,0.777,0.0,99
199,@CBS,-0.6179,Wed Aug 01 04:55:33 +0000 2018,0.191,0.682,0.127,100
200,@CNN,0.0,Wed Aug 01 06:12:18 +0000 2018,0.0,1.0,0.0,1
201,@CNN,0.0,Wed Aug 01 06:12:17 +0000 2018,0.0,1.0,0.0,2
202,@CNN,0.5574,Wed Aug 01 06:12:17 +0000 2018,0.0,0.82,0.18,3
203,@CNN,0.0772,Wed Aug 01 06:12:17 +0000 2018,0.0,0.939,0.061,4
204,@CNN,0.0,Wed Aug 01 06:12:16 +0000 2018,0.0,1.0,0.0,5
205,@CNN,0.0,Wed Aug 01 06:12:15 +0000 2018,0.0,1.0,0.0,6
206,@CNN,-0.34,Wed Aug 01 06:12:11 +0000 2018,0.201,0.683,0.115,7
207,@CNN,0.0,Wed Aug 01 06:12:10 +0000 2018,0.0,1.0,0.0,8
208,@CNN,0.0772,Wed Aug 01 06:12:07 +0000 2018,0.0,0.947,0.053,9
209,@CNN,0.4404,Wed Aug 01 06:12:05 +0000 2018,0.0,0.873,0.127,10
210,@CNN,-0.5106,Wed Aug 01 06:12:02 +0000 2018,0.18,0.82,0.0,11
211,@CNN,0.0,Wed Aug 01 06:11:59 +0000 2018,0.0,1.0,0.0,12
212,@CNN,-0.6514,Wed Aug 01 06:11:59 +0000 2018,0.185,0.815,0.0,13
213,@CNN,0.0,Wed Aug 01 06:11:58 +0000 2018,0.0,1.0,0.0,14
214,@CNN,0.7506,Wed Aug 01 06:11:54 +0000 2018,0.0,0.758,0.242,15
215,@CNN,0.0,Wed Aug 01 06:11:53 +0000 2018,0.0,1.0,0.0,16
216,@CNN,0.5574,Wed Aug 01 06:11:51 +0000 2018,0.0,0.82,0.18,17
217,@CNN,-0.7579,Wed Aug 01 06:11:51 +0000 2018,0.317,0.683,0.0,18
218,@CNN,0.0,Wed Aug 01 06:11:51 +0000 2018,0.0,1.0,0.0,19
219,@CNN,0.7717,Wed Aug 01 06:11:51 +0000 2018,0.0,0.7,0.3,20
220,@CNN,0.7906,Wed Aug 01 06:11:50 +0000 2018,0.0,0.5,0.5,21
221,@CNN,0.0,Wed Aug 01 06:11:49 +0000 2018,0.0,1.0,0.0,22
222,@CNN,0.7339,Wed Aug 01 06:11:49 +0000 2018,0.0,0.69,0.31,23
223,@CNN,0.0,Wed Aug 01 06:11:48 +0000 2018,0.0,1.0,0.0,24
224,@CNN,0.0,Wed Aug 01 06:11:48 +0000 2018,0.0,1.0,0.0,25
225,@CNN,0.0,Wed Aug 01 06:11:46 +0000 2018,0.0,1.0,0.0,26
226,@CNN,0.7579,Wed Aug 01 06:11:46 +0000 2018,0.0,0.745,0.255,27
227,@CNN,0.0772,Wed Aug 01 06:11:45 +0000 2018,0.0,0.947,0.053,28
228,@CNN,0.6369,Wed Aug 01 06:11:45 +0000 2018,0.0,0.809,0.191,29
229,@CNN,0.5574,Wed Aug 01 06:11:42 +0000 2018,0.0,0.82,0.18,30
230,@CNN,-0.7579,Wed Aug 01 06:11:41 +0000 2018,0.245,0.755,0.0,31
231,@CNN,0.5574,Wed Aug 01 06:11:40 +0000 2018,0.0,0.82,0.18,32
232,@CNN,0.0,Wed Aug 01 06:11:40 +0000 2018,0.0,1.0,0.0,33
233,@CNN,0.0,Wed Aug 01 06:11:39 +0000 2018,0.0,1.0,0.0,34
234,@CNN,0.3612,Wed Aug 01 06:11:38 +0000 2018,0.0,0.857,0.143,35
235,@CNN,0.0,Wed Aug 01 06:11:38 +0000 2018,0.0,1.0,0.0,36
236,@CNN,0.0516,Wed Aug 01 06:11:34 +0000 2018,0.086,0.82,0.094,37
237,@CNN,0.0,Wed Aug 01 06:11:29 +0000 2018,0.0,1.0,0.0,38
238,@CNN,0.0,Wed Aug 01 06:11:29 +0000 2018,0.0,1.0,0.0,39
239,@CNN,0.5106,Wed Aug 01 06:11:29 +0000 2018,0.0,0.87,0.13,40
240,@CNN,0.296,Wed Aug 01 06:11:29 +0000 2018,0.0,0.913,0.087,41
241,@CNN,0.0,Wed Aug 01 06:11:27 +0000 2018,0.0,1.0,0.0,42
242,@CNN,0.6682,Wed Aug 01 06:11:26 +0000 2018,0.0,0.767,0.233,43
243,@CNN,0.1776,Wed Aug 01 06:11:25 +0000 2018,0.063,0.849,0.088,44
244,@CNN,-0.4728,Wed Aug 01 06:11:25 +0000 2018,0.278,0.722,0.0,45
245,@CNN,0.0,Wed Aug 01 06:11:25 +0000 2018,0.0,1.0,0.0,46
246,@CNN,-0.0258,Wed Aug 01 06:11:23 +0000 2018,0.11,0.784,0.106,47
247,@CNN,0.1027,Wed Aug 01 06:11:23 +0000 2018,0.0,0.903,0.097,48
248,@CNN,0.0,Wed Aug 01 06:11:22 +0000 2018,0.0,1.0,0.0,49
249,@CNN,-0.4101,Wed Aug 01 06:11:22 +0000 2018,0.139,0.861,0.0,50
250,@CNN,0.743,Wed Aug 01 06:11:22 +0000 2018,0.0,0.588,0.412,51
251,@CNN,0.6192,Wed Aug 01 06:11:21 +0000 2018,0.0,0.748,0.252,52
252,@CNN,0.7096,Wed Aug 01 06:11:20 +0000 2018,0.0,0.789,0.211,53
253,@CNN,-0.3612,Wed Aug 01 06:11:19 +0000 2018,0.172,0.828,0.0,54
254,@CNN,-0.5574,Wed Aug 01 06:11:19 +0000 2018,0.155,0.798,0.046,55
255,@CNN,0.0,Wed Aug 01 06:11:17 +0000 2018,0.0,1.0,0.0,56
256,@CNN,0.7003,Wed Aug 01 06:11:15 +0000 2018,0.074,0.664,0.262,57
257,@CNN,-0.7345,Wed Aug 01 06:11:12 +0000 2018,0.198,0.802,0.0,58
258,@CNN,0.4404,Wed Aug 01 06:11:11 +0000 2018,0.071,0.749,0.18,59
259,@CNN,-0.0772,Wed Aug 01 06:11:10 +0000 2018,0.056,0.944,0.0,60
260,@CNN,-0.5983,Wed Aug 01 06:11:09 +0000 2018,0.163,0.837,0.0,61
261,@CNN,-0.3612,Wed Aug 01 06:11:08 +0000 2018,0.157,0.736,0.107,62
262,@CNN,0.0,Wed Aug 01 06:11:07 +0000 2018,0.0,1.0,0.0,63
263,@CNN,0.4404,Wed Aug 01 06:11:06 +0000 2018,0.071,0.749,0.18,64
264,@CNN,0.0,Wed Aug 01 06:11:05 +0000 2018,0.0,1.0,0.0,65
265,@CNN,0.0,Wed Aug 01 06:11:04 +0000 2018,0.0,1.0,0.0,66
266,@CNN,-0.6776,Wed Aug 01 06:11:01 +0000 2018,0.179,0.821,0.0,67
267,@CNN,0.5106,Wed Aug 01 06:10:57 +0000 2018,0.0,0.87,0.13,68
268,@CNN,-0.7163,Wed Aug 01 06:10:55 +0000 2018,0.217,0.783,0.0,69
269,@CNN,0.0,Wed Aug 01 06:10:55 +0000 2018,0.0,1.0,0.0,70
270,@CNN,-0.5574,Wed Aug 01 06:10:55 +0000 2018,0.155,0.798,0.046,71
271,@CNN,0.0,Wed Aug 01 06:10:55 +0000 2018,0.0,1.0,0.0,72
272,@CNN,0.743,Wed Aug 01 06:10:54 +0000 2018,0.0,0.588,0.412,73
273,@CNN,0.0,Wed Aug 01 06:10:53 +0000 2018,0.0,1.0,0.0,74
274,@CNN,0.2732,Wed Aug 01 06:10:53 +0000 2018,0.0,0.896,0.104,75
275,@CNN,0.0,Wed Aug 01 06:10:48 +0000 2018,0.0,1.0,0.0,76
276,@CNN,0.7717,Wed Aug 01 06:10:48 +0000 2018,0.0,0.7,0.3,77
277,@CNN,0.0,Wed Aug 01 06:10:46 +0000 2018,0.0,1.0,0.0,78
278,@CNN,-0.6249,Wed Aug 01 06:10:46 +0000 2018,0.215,0.785,0.0,79
279,@CNN,-0.4874,Wed Aug 01 06:10:42 +0000 2018,0.204,0.71,0.086,80
280,@CNN,0.0,Wed Aug 01 06:10:42 +0000 2018,0.0,1.0,0.0,81
281,@CNN,0.0,Wed Aug 01 06:10:41 +0000 2018,0.0,1.0,0.0,82
282,@CNN,0.4404,Wed Aug 01 06:10:35 +0000 2018,0.071,0.749,0.18,83
283,@CNN,0.743,Wed Aug 01 06:10:34 +0000 2018,0.0,0.588,0.412,84
284,@CNN,0.7925,Wed Aug 01 06:10:32 +0000 2018,0.0,0.713,0.287,85
285,@CNN,0.4404,Wed Aug 01 06:10:29 +0000 2018,0.071,0.749,0.18,86
286,@CNN,0.0,Wed Aug 01 06:10:26 +0000 2018,0.0,1.0,0.0,87
287,@CNN,-0.5994,Wed Aug 01 06:10:24 +0000 2018,0.426,0.426,0.149,88
288,@CNN,0.0,Wed Aug 01 06:10:23 +0000 2018,0.0,1.0,0.0,89
289,@CNN,-0.4184,Wed Aug 01 06:10:22 +0000 2018,0.148,0.852,0.0,90
290,@CNN,-0.34,Wed Aug 01 06:10:22 +0000 2018,0.201,0.683,0.115,91
291,@CNN,-0.126,Wed Aug 01 06:10:21 +0000 2018,0.14,0.741,0.119,92
292,@CNN,0.4404,Wed Aug 01 06:10:20 +0000 2018,0.0,0.873,0.127,93
293,@CNN,0.743,Wed Aug 01 06:10:20 +0000 2018,0.0,0.588,0.412,94
294,@CNN,0.5859,Wed Aug 01 06:10:19 +0000 2018,0.0,0.798,0.202,95
295,@CNN,-0.3291,Wed Aug 01 06:10:18 +0000 2018,0.121,0.879,0.0,96
296,@CNN,-0.3089,Wed Aug 01 06:10:17 +0000 2018,0.124,0.876,0.0,97
297,@CNN,0.743,Wed Aug 01 06:10:17 +0000 2018,0.0,0.588,0.412,98
298,@CNN,0.5574,Wed Aug 01 06:10:17 +0000 2018,0.0,0.82,0.18,99
299,@CNN,-0.793,Wed Aug 01 06:10:15 +0000 2018,0.289,0.556,0.155,100
300,@Fox,0.802,Wed Aug 01 06:10:19 +0000 2018,0.0,0.661,0.339,1
301,@Fox,-0.2755,Wed Aug 01 06:09:33 +0000 2018,0.123,0.877,0.0,2
302,@Fox,-0.4767,Wed Aug 01 06:09:17 +0000 2018,0.193,0.807,0.0,3
303,@Fox,-0.296,Wed Aug 01 06:06:51 +0000 2018,0.18,0.82,0.0,4
304,@Fox,-0.3595,Wed Aug 01 06:05:46 +0000 2018,0.217,0.783,0.0,5
305,@Fox,-0.2755,Wed Aug 01 06:04:07 +0000 2018,0.14,0.86,0.0,6
306,@Fox,0.0,Wed Aug 01 06:02:59 +0000 2018,0.0,1.0,0.0,7
307,@Fox,0.4926,Wed Aug 01 05:55:49 +0000 2018,0.067,0.762,0.171,8
308,@Fox,-0.0852,Wed Aug 01 05:54:18 +0000 2018,0.063,0.889,0.049,9
309,@Fox,0.0,Wed Aug 01 05:50:45 +0000 2018,0.0,1.0,0.0,10
310,@Fox,0.5106,Wed Aug 01 05:50:41 +0000 2018,0.0,0.864,0.136,11
311,@Fox,0.5106,Wed Aug 01 05:48:57 +0000 2018,0.0,0.852,0.148,12
312,@Fox,0.8534,Wed Aug 01 05:42:11 +0000 2018,0.0,0.695,0.305,13
313,@Fox,-0.3182,Wed Aug 01 05:37:23 +0000 2018,0.103,0.897,0.0,14
314,@Fox,0.0,Wed Aug 01 05:35:00 +0000 2018,0.0,1.0,0.0,15
315,@Fox,0.4215,Wed Aug 01 05:28:02 +0000 2018,0.0,0.872,0.128,16
316,@Fox,-0.296,Wed Aug 01 05:26:13 +0000 2018,0.109,0.891,0.0,17
317,@Fox,0.3384,Wed Aug 01 05:21:32 +0000 2018,0.089,0.766,0.145,18
318,@Fox,0.0,Wed Aug 01 05:14:10 +0000 2018,0.0,1.0,0.0,19
319,@Fox,0.0,Wed Aug 01 05:09:35 +0000 2018,0.0,1.0,0.0,20
320,@Fox,0.3384,Wed Aug 01 05:05:26 +0000 2018,0.097,0.746,0.158,21
321,@Fox,0.0,Wed Aug 01 05:05:02 +0000 2018,0.0,1.0,0.0,22
322,@Fox,0.0,Wed Aug 01 04:42:30 +0000 2018,0.0,1.0,0.0,23
323,@Fox,0.0,Wed Aug 01 04:35:47 +0000 2018,0.0,1.0,0.0,24
324,@Fox,0.6981,Wed Aug 01 04:34:03 +0000 2018,0.0,0.715,0.285,25
325,@Fox,0.0,Wed Aug 01 04:26:14 +0000 2018,0.0,1.0,0.0,26
326,@Fox,0.0,Wed Aug 01 04:22:48 +0000 2018,0.0,1.0,0.0,27
327,@Fox,0.0,Wed Aug 01 04:20:14 +0000 2018,0.0,1.0,0.0,28
328,@Fox,0.0,Wed Aug 01 04:17:54 +0000 2018,0.0,1.0,0.0,29
329,@Fox,0.0,Wed Aug 01 04:14:55 +0000 2018,0.0,1.0,0.0,30
330,@Fox,0.4215,Wed Aug 01 04:13:55 +0000 2018,0.0,0.833,0.167,31
331,@Fox,0.0,Wed Aug 01 04:12:53 +0000 2018,0.0,1.0,0.0,32
332,@Fox,0.0,Wed Aug 01 04:12:00 +0000 2018,0.0,1.0,0.0,33
333,@Fox,0.0,Wed Aug 01 04:08:42 +0000 2018,0.0,1.0,0.0,34
334,@Fox,0.5859,Wed Aug 01 04:01:54 +0000 2018,0.0,0.774,0.226,35
335,@Fox,0.0,Wed Aug 01 03:58:04 +0000 2018,0.0,1.0,0.0,36
336,@Fox,-0.5093,Wed Aug 01 03:43:47 +0000 2018,0.32,0.68,0.0,37
337,@Fox,-0.296,Wed Aug 01 03:42:58 +0000 2018,0.095,0.905,0.0,38
338,@Fox,0.6908,Wed Aug 01 03:38:38 +0000 2018,0.0,0.749,0.251,39
339,@Fox,0.0,Wed Aug 01 03:34:13 +0000 2018,0.0,1.0,0.0,40
340,@Fox,-0.2263,Wed Aug 01 03:32:13 +0000 2018,0.095,0.905,0.0,41
341,@Fox,0.0,Wed Aug 01 03:31:07 +0000 2018,0.0,1.0,0.0,42
342,@Fox,0.0,Wed Aug 01 03:29:41 +0000 2018,0.0,1.0,0.0,43
343,@Fox,-0.4084,Wed Aug 01 03:12:58 +0000 2018,0.154,0.846,0.0,44
344,@Fox,0.0,Wed Aug 01 03:12:38 +0000 2018,0.0,1.0,0.0,45
345,@Fox,0.0772,Wed Aug 01 03:07:43 +0000 2018,0.0,0.929,0.071,46
346,@Fox,0.0,Wed Aug 01 03:01:24 +0000 2018,0.0,1.0,0.0,47
347,@Fox,0.0,Wed Aug 01 02:58:34 +0000 2018,0.0,1.0,0.0,48
348,@Fox,0.0,Wed Aug 01 02:57:52 +0000 2018,0.0,1.0,0.0,49
349,@Fox,0.4215,Wed Aug 01 02:43:50 +0000 2018,0.0,0.872,0.128,50
350,@Fox,0.0,Wed Aug 01 02:40:45 +0000 2018,0.0,1.0,0.0,51
351,@Fox,0.4404,Wed Aug 01 02:36:20 +0000 2018,0.0,0.868,0.132,52
352,@Fox,0.0,Wed Aug 01 02:32:13 +0000 2018,0.0,1.0,0.0,53
353,@Fox,0.0,Wed Aug 01 02:30:31 +0000 2018,0.0,1.0,0.0,54
354,@Fox,0.6696,Wed Aug 01 02:30:29 +0000 2018,0.0,0.64,0.36,55
355,@Fox,0.5423,Wed Aug 01 02:16:39 +0000 2018,0.0,0.83,0.17,56
356,@Fox,0.3612,Wed Aug 01 02:10:19 +0000 2018,0.16,0.494,0.346,57
357,@Fox,-0.6662,Wed Aug 01 02:10:12 +0000 2018,0.223,0.777,0.0,58
358,@Fox,0.0,Wed Aug 01 02:10:09 +0000 2018,0.0,1.0,0.0,59
359,@Fox,0.0,Wed Aug 01 02:07:46 +0000 2018,0.0,1.0,0.0,60
360,@Fox,0.0,Wed Aug 01 02:03:38 +0000 2018,0.0,1.0,0.0,61
361,@Fox,0.6239,Wed Aug 01 02:02:05 +0000 2018,0.0,0.662,0.338,62
362,@Fox,-0.1935,Wed Aug 01 01:59:35 +0000 2018,0.149,0.733,0.118,63
363,@Fox,-0.6662,Wed Aug 01 01:58:00 +0000 2018,0.243,0.757,0.0,64
364,@Fox,0.0,Wed Aug 01 01:54:08 +0000 2018,0.0,1.0,0.0,65
365,@Fox,0.4199,Wed Aug 01 01:54:01 +0000 2018,0.0,0.834,0.166,66
366,@Fox,0.0,Wed Aug 01 01:48:55 +0000 2018,0.0,1.0,0.0,67
367,@Fox,0.0,Wed Aug 01 01:44:20 +0000 2018,0.0,1.0,0.0,68
368,@Fox,0.0,Wed Aug 01 01:42:45 +0000 2018,0.0,1.0,0.0,69
369,@Fox,0.0,Wed Aug 01 01:38:58 +0000 2018,0.0,1.0,0.0,70
370,@Fox,-0.6531,Wed Aug 01 01:37:42 +0000 2018,0.178,0.76,0.062,71
371,@Fox,0.3987,Wed Aug 01 01:33:31 +0000 2018,0.0,0.804,0.196,72
372,@Fox,0.5707,Wed Aug 01 01:32:14 +0000 2018,0.073,0.685,0.242,73
373,@Fox,0.0,Wed Aug 01 01:30:39 +0000 2018,0.0,1.0,0.0,74
374,@Fox,0.0,Wed Aug 01 01:26:11 +0000 2018,0.0,1.0,0.0,75
375,@Fox,0.0,Wed Aug 01 01:20:20 +0000 2018,0.0,1.0,0.0,76
376,@Fox,0.0,Wed Aug 01 01:19:37 +0000 2018,0.0,1.0,0.0,77
377,@Fox,0.5707,Wed Aug 01 01:18:38 +0000 2018,0.073,0.685,0.242,78
378,@Fox,0.5399,Wed Aug 01 01:12:55 +0000 2018,0.0,0.721,0.279,79
379,@Fox,0.7906,Wed Aug 01 01:12:19 +0000 2018,0.0,0.682,0.318,80
380,@Fox,0.4404,Wed Aug 01 01:11:15 +0000 2018,0.0,0.854,0.146,81
381,@Fox,0.8534,Wed Aug 01 01:04:24 +0000 2018,0.0,0.6,0.4,82
382,@Fox,-0.504,Wed Aug 01 00:56:59 +0000 2018,0.321,0.679,0.0,83
383,@Fox,0.0,Wed Aug 01 00:54:59 +0000 2018,0.0,1.0,0.0,84
384,@Fox,0.0,Wed Aug 01 00:46:46 +0000 2018,0.0,1.0,0.0,85
385,@Fox,0.0,Wed Aug 01 00:42:55 +0000 2018,0.0,1.0,0.0,86
386,@Fox,0.0,Wed Aug 01 00:41:14 +0000 2018,0.0,1.0,0.0,87
387,@Fox,0.0,Wed Aug 01 00:41:06 +0000 2018,0.0,1.0,0.0,88
388,@Fox,0.0,Wed Aug 01 00:09:00 +0000 2018,0.0,1.0,0.0,89
389,@Fox,0.7906,Wed Aug 01 00:05:39 +0000 2018,0.0,0.682,0.318,90
390,@Fox,0.0,Tue Jul 31 23:56:44 +0000 2018,0.0,1.0,0.0,91
391,@Fox,-0.8957,Tue Jul 31 23:56:36 +0000 2018,0.457,0.543,0.0,92
392,@Fox,0.4404,Tue Jul 31 23:47:00 +0000 2018,0.0,0.838,0.162,93
393,@Fox,-0.4019,Tue Jul 31 23:39:35 +0000 2018,0.101,0.899,0.0,94
394,@Fox,-0.2944,Tue Jul 31 23:38:21 +0000 2018,0.174,0.661,0.165,95
395,@Fox,-0.2732,Tue Jul 31 23:35:06 +0000 2018,0.095,0.905,0.0,96
396,@Fox,0.6597,Tue Jul 31 23:31:00 +0000 2018,0.0,0.738,0.262,97
397,@Fox,0.0,Tue Jul 31 23:28:50 +0000 2018,0.0,1.0,0.0,98
398,@Fox,0.6219,Tue Jul 31 23:06:00 +0000 2018,0.0,0.775,0.225,99
399,@Fox,0.0,Tue Jul 31 23:04:18 +0000 2018,0.0,1.0,0.0,100
400,@nytimes,-0.5255,Wed Aug 01 06:12:19 +0000 2018,0.174,0.764,0.061,1
401,@nytimes,0.0,Wed Aug 01 06:12:18 +0000 2018,0.0,1.0,0.0,2
402,@nytimes,0.0,Wed Aug 01 06:12:14 +0000 2018,0.0,1.0,0.0,3
403,@nytimes,-0.5255,Wed Aug 01 06:12:10 +0000 2018,0.174,0.764,0.061,4
404,@nytimes,-0.5255,Wed Aug 01 06:12:01 +0000 2018,0.174,0.764,0.061,5
405,@nytimes,-0.7964,Wed Aug 01 06:11:52 +0000 2018,0.253,0.747,0.0,6
406,@nytimes,-0.5255,Wed Aug 01 06:11:51 +0000 2018,0.174,0.764,0.061,7
407,@nytimes,0.6705,Wed Aug 01 06:11:41 +0000 2018,0.0,0.766,0.234,8
408,@nytimes,-0.7964,Wed Aug 01 06:11:41 +0000 2018,0.253,0.747,0.0,9
409,@nytimes,-0.6872,Wed Aug 01 06:11:27 +0000 2018,0.242,0.685,0.073,10
410,@nytimes,-0.4717,Wed Aug 01 06:11:11 +0000 2018,0.128,0.872,0.0,11
411,@nytimes,-0.5255,Wed Aug 01 06:11:09 +0000 2018,0.174,0.764,0.061,12
412,@nytimes,-0.3384,Wed Aug 01 06:11:05 +0000 2018,0.148,0.763,0.089,13
413,@nytimes,0.3612,Wed Aug 01 06:11:03 +0000 2018,0.0,0.912,0.088,14
414,@nytimes,0.3182,Wed Aug 01 06:10:58 +0000 2018,0.073,0.782,0.145,15
415,@nytimes,0.3182,Wed Aug 01 06:10:57 +0000 2018,0.073,0.782,0.145,16
416,@nytimes,0.0,Wed Aug 01 06:10:46 +0000 2018,0.0,1.0,0.0,17
417,@nytimes,-0.5255,Wed Aug 01 06:10:45 +0000 2018,0.174,0.764,0.061,18
418,@nytimes,-0.5255,Wed Aug 01 06:10:44 +0000 2018,0.174,0.764,0.061,19
419,@nytimes,0.3818,Wed Aug 01 06:10:44 +0000 2018,0.0,0.88,0.12,20
420,@nytimes,0.0,Wed Aug 01 06:10:37 +0000 2018,0.0,1.0,0.0,21
421,@nytimes,-0.5255,Wed Aug 01 06:10:36 +0000 2018,0.174,0.764,0.061,22
422,@nytimes,-0.5255,Wed Aug 01 06:10:35 +0000 2018,0.174,0.764,0.061,23
423,@nytimes,0.6369,Wed Aug 01 06:10:32 +0000 2018,0.0,0.851,0.149,24
424,@nytimes,-0.7964,Wed Aug 01 06:10:32 +0000 2018,0.253,0.747,0.0,25
425,@nytimes,-0.2732,Wed Aug 01 06:10:32 +0000 2018,0.133,0.802,0.065,26
426,@nytimes,0.1027,Wed Aug 01 06:10:31 +0000 2018,0.085,0.813,0.102,27
427,@nytimes,0.0,Wed Aug 01 06:10:21 +0000 2018,0.0,1.0,0.0,28
428,@nytimes,-0.3875,Wed Aug 01 06:10:20 +0000 2018,0.134,0.866,0.0,29
429,@nytimes,0.8543,Wed Aug 01 06:10:19 +0000 2018,0.0,0.581,0.419,30
430,@nytimes,0.0,Wed Aug 01 06:10:14 +0000 2018,0.0,1.0,0.0,31
431,@nytimes,0.6486,Wed Aug 01 06:09:49 +0000 2018,0.097,0.65,0.253,32
432,@nytimes,0.2975,Wed Aug 01 06:09:47 +0000 2018,0.0,0.855,0.145,33
433,@nytimes,0.0,Wed Aug 01 06:09:47 +0000 2018,0.0,1.0,0.0,34
434,@nytimes,0.0,Wed Aug 01 06:09:41 +0000 2018,0.0,1.0,0.0,35
435,@nytimes,0.2263,Wed Aug 01 06:09:38 +0000 2018,0.0,0.899,0.101,36
436,@nytimes,0.0,Wed Aug 01 06:09:26 +0000 2018,0.0,1.0,0.0,37
437,@nytimes,-0.34,Wed Aug 01 06:09:26 +0000 2018,0.107,0.893,0.0,38
438,@nytimes,0.0,Wed Aug 01 06:09:23 +0000 2018,0.0,1.0,0.0,39
439,@nytimes,-0.5255,Wed Aug 01 06:09:21 +0000 2018,0.174,0.764,0.061,40
440,@nytimes,-0.5255,Wed Aug 01 06:09:15 +0000 2018,0.174,0.764,0.061,41
441,@nytimes,0.0,Wed Aug 01 06:09:14 +0000 2018,0.0,1.0,0.0,42
442,@nytimes,-0.7964,Wed Aug 01 06:09:09 +0000 2018,0.253,0.747,0.0,43
443,@nytimes,0.8316,Wed Aug 01 06:09:06 +0000 2018,0.0,0.705,0.295,44
444,@nytimes,0.0,Wed Aug 01 06:09:00 +0000 2018,0.0,1.0,0.0,45
445,@nytimes,-0.7964,Wed Aug 01 06:08:59 +0000 2018,0.253,0.747,0.0,46
446,@nytimes,-0.8442,Wed Aug 01 06:08:35 +0000 2018,0.363,0.637,0.0,47
447,@nytimes,-0.7964,Wed Aug 01 06:08:11 +0000 2018,0.253,0.747,0.0,48
448,@nytimes,-0.5255,Wed Aug 01 06:08:09 +0000 2018,0.174,0.764,0.061,49
449,@nytimes,-0.128,Wed Aug 01 06:08:05 +0000 2018,0.091,0.909,0.0,50
450,@nytimes,-0.5255,Wed Aug 01 06:08:00 +0000 2018,0.174,0.764,0.061,51
451,@nytimes,-0.3818,Wed Aug 01 06:07:57 +0000 2018,0.29,0.568,0.142,52
452,@nytimes,-0.5255,Wed Aug 01 06:07:47 +0000 2018,0.174,0.764,0.061,53
453,@nytimes,-0.5255,Wed Aug 01 06:07:42 +0000 2018,0.174,0.764,0.061,54
454,@nytimes,0.0,Wed Aug 01 06:07:37 +0000 2018,0.0,1.0,0.0,55
455,@nytimes,-0.3182,Wed Aug 01 06:07:33 +0000 2018,0.095,0.905,0.0,56
456,@nytimes,0.0,Wed Aug 01 06:07:33 +0000 2018,0.0,1.0,0.0,57
457,@nytimes,-0.2732,Wed Aug 01 06:07:25 +0000 2018,0.133,0.802,0.065,58
458,@nytimes,0.5367,Wed Aug 01 06:07:20 +0000 2018,0.0,0.864,0.136,59
459,@nytimes,0.1027,Wed Aug 01 06:07:20 +0000 2018,0.085,0.813,0.102,60
460,@nytimes,-0.1531,Wed Aug 01 06:07:18 +0000 2018,0.131,0.763,0.106,61
461,@nytimes,0.2732,Wed Aug 01 06:07:18 +0000 2018,0.0,0.877,0.123,62
462,@nytimes,-0.296,Wed Aug 01 06:07:08 +0000 2018,0.128,0.872,0.0,63
463,@nytimes,-0.7579,Wed Aug 01 06:07:07 +0000 2018,0.228,0.772,0.0,64
464,@nytimes,0.2732,Wed Aug 01 06:07:01 +0000 2018,0.0,0.913,0.087,65
465,@nytimes,0.3612,Wed Aug 01 06:07:00 +0000 2018,0.0,0.906,0.094,66
466,@nytimes,0.4939,Wed Aug 01 06:07:00 +0000 2018,0.0,0.873,0.127,67
467,@nytimes,0.0,Wed Aug 01 06:06:51 +0000 2018,0.0,1.0,0.0,68
468,@nytimes,0.0,Wed Aug 01 06:06:48 +0000 2018,0.0,1.0,0.0,69
469,@nytimes,0.0,Wed Aug 01 06:06:41 +0000 2018,0.0,1.0,0.0,70
470,@nytimes,0.0,Wed Aug 01 06:06:38 +0000 2018,0.0,1.0,0.0,71
471,@nytimes,0.2023,Wed Aug 01 06:06:32 +0000 2018,0.169,0.608,0.223,72
472,@nytimes,-0.5255,Wed Aug 01 06:06:31 +0000 2018,0.174,0.764,0.061,73
473,@nytimes,-0.2732,Wed Aug 01 06:06:29 +0000 2018,0.084,0.916,0.0,74
474,@nytimes,-0.5255,Wed Aug 01 06:06:26 +0000 2018,0.174,0.764,0.061,75
475,@nytimes,-0.0762,Wed Aug 01 06:06:23 +0000 2018,0.206,0.794,0.0,76
476,@nytimes,0.4678,Wed Aug 01 06:06:23 +0000 2018,0.0,0.776,0.224,77
477,@nytimes,-0.6249,Wed Aug 01 06:06:21 +0000 2018,0.267,0.627,0.106,78
478,@nytimes,0.0,Wed Aug 01 06:06:19 +0000 2018,0.0,1.0,0.0,79
479,@nytimes,-0.5255,Wed Aug 01 06:06:19 +0000 2018,0.174,0.764,0.061,80
480,@nytimes,0.4019,Wed Aug 01 06:06:16 +0000 2018,0.0,0.906,0.094,81
481,@nytimes,-0.5255,Wed Aug 01 06:06:16 +0000 2018,0.174,0.764,0.061,82
482,@nytimes,0.0,Wed Aug 01 06:06:09 +0000 2018,0.0,1.0,0.0,83
483,@nytimes,-0.5255,Wed Aug 01 06:06:09 +0000 2018,0.174,0.764,0.061,84
484,@nytimes,-0.3182,Wed Aug 01 06:06:09 +0000 2018,0.095,0.905,0.0,85
485,@nytimes,0.0,Wed Aug 01 06:06:01 +0000 2018,0.0,1.0,0.0,86
486,@nytimes,-0.7964,Wed Aug 01 06:05:50 +0000 2018,0.253,0.747,0.0,87
487,@nytimes,-0.5255,Wed Aug 01 06:05:50 +0000 2018,0.174,0.764,0.061,88
488,@nytimes,0.0,Wed Aug 01 06:05:46 +0000 2018,0.0,1.0,0.0,89
489,@nytimes,-0.5255,Wed Aug 01 06:05:41 +0000 2018,0.174,0.764,0.061,90
490,@nytimes,-0.4767,Wed Aug 01 06:05:39 +0000 2018,0.147,0.853,0.0,91
491,@nytimes,-0.4588,Wed Aug 01 06:05:34 +0000 2018,0.22,0.6,0.18,92
492,@nytimes,0.0,Wed Aug 01 06:05:21 +0000 2018,0.0,1.0,0.0,93
493,@nytimes,-0.6633,Wed Aug 01 06:05:17 +0000 2018,0.177,0.78,0.043,94
494,@nytimes,-0.3327,Wed Aug 01 06:05:11 +0000 2018,0.165,0.728,0.107,95
495,@nytimes,-0.2732,Wed Aug 01 06:05:05 +0000 2018,0.133,0.802,0.065,96
496,@nytimes,-0.5255,Wed Aug 01 06:05:05 +0000 2018,0.174,0.764,0.061,97
497,@nytimes,-0.7964,Wed Aug 01 06:05:04 +0000 2018,0.253,0.747,0.0,98
498,@nytimes,-0.5255,Wed Aug 01 06:04:56 +0000 2018,0.174,0.764,0.061,99
499,@nytimes,-0.3769,Wed Aug 01 06:04:48 +0000 2018,0.332,0.455,0.213,100
